INSERT INTO CUSTOMER VALUES (100001, 'aditya@gmail.com', 'Aditya');
INSERT INTO CUSTOMER VALUES (100002, 'jack@gmail.com', 'Jack');
INSERT INTO CUSTOMER VALUES (100003, 'tom@gmail.com', 'Tom');
INSERT INTO CUSTOMER VALUES (100004, 'joe@gmail.com', 'Joe');
INSERT INTO CUSTOMER VALUES (100005, 'peter@gmail.com', 'Peter');

INSERT INTO BOOK (ID, TITLE, ISBN, DESCRIPTION, YEAR, PUBLISHER, COST, QUANTITY) VALUES (100001, 'Dark Knight', 'ISBN-1', 'About batman', 2021, 'DC', 5.99, 10);
INSERT INTO BOOK (ID, TITLE, ISBN, DESCRIPTION, YEAR, PUBLISHER, COST, QUANTITY) VALUES (100002, 'Moon Knight', 'ISBN-2', 'About Moon', 2022, 'Marvel', 3.99, 5);
INSERT INTO BOOK (ID, TITLE, ISBN, DESCRIPTION, YEAR, PUBLISHER, COST, QUANTITY)  VALUES (100003, 'Harry Potter', 'ISBN-3', 'About Magic', 2012, 'Warner Bros', 7.49, 20);
INSERT INTO BOOK (ID, TITLE, ISBN, DESCRIPTION, YEAR, PUBLISHER, COST, QUANTITY)  VALUES (100004, 'Lord of the Rings', 'ISBN-4', 'About a Ring', 2002, 'Warner Bros', 8.49, 15);
INSERT INTO BOOK (ID, TITLE, ISBN, DESCRIPTION, YEAR, PUBLISHER, COST, QUANTITY)  VALUES (100005, 'Captain America: Civil War', 'ISBN-5', 'About batman', 2018, 'Marvel', 4.49, 25);

INSERT INTO BOOK_ORDER VALUES (100001,  '2022-03-11',  2, 1, 100002, 100001);
INSERT INTO BOOK_ORDER VALUES (100002,  '2022-02-01',  2, 1, 100001, 100001);
INSERT INTO BOOK_ORDER VALUES (100003,  '2022-01-21',  2, 2, 100003, 100002);
INSERT INTO BOOK_ORDER VALUES (100004,  '2022-01-11',  2, 1, 100004, 100003);
INSERT INTO BOOK_ORDER VALUES (100005,  '2022-01-11',  2, 1, 100003, 100001);